,A,B,C,D
2000-01-01,-0.3433773130133032,0.17432608869972818,1.0799465564804176,0.080070950431364
2000-01-02,-0.720308929966485,1.481150244628359,1.6557440952902573,0.0963265959002223
2000-01-03,-0.01852947879103861,1.5920298483385926,1.7974954036936472,0.450909397408005
2000-01-04,1.1001208647609906,3.798839131389413,0.9425889868745403,1.3131077112484606
2000-01-05,0.6964752234477058,2.8746837137092873,-0.19478637451153036,2.5873827545591164
2000-01-06,0.8730966070794914,4.9596003822178645,-0.5580647866548893,2.439765066477389
2000-01-07,1.7485541385287013,5.033244201120448,0.8664790099700614,1.1949011385928434
2000-01-08,2.933636829734761,5.903078814056298,2.918811727184658,1.8270614897649953
2000-01-09,5.064034003348657,6.377315558361148,1.9570479534970961,2.2565568629520785
2000-01-10,6.8528324922579165,7.674067773719164,3.4014553919593773,2.1220558706667227
2000-01-11,6.982768318781114,7.654956381134946,4.378888136277562,2.5775738312863834
2000-01-12,6.991660887587946,6.995272717026891,2.887802797221895,2.6303544687933207
2000-01-13,5.733863575193538,5.571178834616169,2.249740326632989,3.3006953765170413
2000-01-14,5.705604435095807,5.523408574074404,0.8336442027890412,4.654341499159199
2000-01-15,6.185761900953603,4.809874417747917,0.7689712132130382,3.6408764779149676
2000-01-16,6.308013613400814,5.295244983107849,0.9183949175841128,3.510522463182247
2000-01-17,5.821270784413776,6.486577901592449,1.2677380706381634,3.5792351496050534
2000-01-18,5.385670343332398,6.5259193932799455,1.1596853737821726,3.7512670212414077
2000-01-19,4.437332238206748,7.332637637018774,2.162357351089451,4.57170830791761
2000-01-20,5.309086027050638,7.558949910760682,2.1031791230168673,4.683498185432326
2000-01-21,3.128084387112155,6.9451048012492835,0.9338154507970464,4.089407776349642
2000-01-22,0.799375159537365,6.581885108525238,1.0379306748890502,4.501718193674851
2000-01-23,0.9237525151976593,6.426588495840397,1.2876520582623665,4.790349992710622
2000-01-24,0.37770339529878083,6.224106365046689,1.0041033595670215,4.700851720750706
2000-01-25,-0.9035692127873535,6.756777686747471,3.131065852140847,4.954854258218377
2000-01-26,-0.8907500730114964,6.788347724821758,2.4743733494237867,3.347349618227427
2000-01-27,0.1375396819076481,5.12990743339709,2.829541844134363,2.409478427555419
2000-01-28,-0.4974663647670249,7.4224597648750965,3.3101819172083777,2.9280007108011876
2000-01-29,0.13680806470012274,6.985524269305625,2.9374987172432223,3.3912477495333784
2000-01-30,-0.5968591439389413,8.93028066955845,1.9989122338049188,2.964260840605319
2000-01-31,-1.1701171743574195,10.113270713318661,2.9872866517576937,3.7567103504070714
2000-02-01,-1.5411162692331557,9.15809450662239,2.6568811850776015,3.9114231975137512
2000-02-02,-1.6764884879836044,9.846176655015828,0.7217110998352783,4.042016062953656
2000-02-03,-2.1919198405663582,10.576022977560939,-1.4892019691920275,2.8444143425747224
2000-02-04,-3.5766728303664976,8.701317382091645,-2.0205183868550387,2.3835880304985264
2000-02-05,-2.2464588662355407,9.115710490590676,-1.421162040440447,0.6859289287322645
2000-02-06,-2.376408804706299,8.088363962286484,-3.3109010124507914,1.457360172545174
2000-02-07,-1.3685627201115043,6.443385707233299,-2.2976558619487553,1.2153330040591823
2000-02-08,-2.377696150861103,5.928358036915667,-2.6643808513941236,0.7597800808108368
2000-02-09,-2.9257470692266887,6.006520589467219,-1.5454585180733438,1.0323176647835597
2000-02-10,-3.6379399741723875,7.469515586927388,-1.0654693339509724,1.4460829425370632
2000-02-11,-4.067083051495017,5.3562788319774395,-1.64088495300525,0.89377970608358
2000-02-12,-4.214282385466947,6.251648541665339,-0.10464546984337941,1.9103276254603334
2000-02-13,-5.292574171386864,7.308371784627694,-0.70747867252442,-0.06481703290953922
2000-02-14,-6.431043204116376,7.072348346996122,-0.3657716876087386,0.4247244403754921
2000-02-15,-7.727459351814692,7.93057684744681,0.532589186243376,0.21758217014609033
2000-02-16,-10.397353830876586,7.040690402903203,-0.7589068014876439,0.7350922782923142
2000-02-17,-10.284240570472976,8.197150959115552,0.14799203674843087,0.23453365983829544
2000-02-18,-10.09913439252223,8.100405420085828,-0.5837108059185772,0.9637933624902523
2000-02-19,-10.499799570035456,7.9470165152267915,-0.9236970076203284,2.262258018462517
2000-02-20,-9.802721841901464,8.02014707581316,-0.2907981552479264,1.2499712216865664
2000-02-21,-7.85571238698607,7.6826451476848385,-1.4000153046305779,1.3976393395450504
2000-02-22,-7.211923454302539,6.69214535988495,0.030132958776035723,0.2866320391609467
2000-02-23,-7.4166539040476165,4.922054522407065,0.46420694372701504,1.1705026616530763
2000-02-24,-7.808199351128427,6.909272571488824,2.1244133370548206,0.6927242390779405
2000-02-25,-6.701294676506718,6.853164085056075,-0.34641333626919346,1.7997169595943698
2000-02-26,-7.596689347447779,6.014277298388604,-1.1057622531830837,1.732318893089267
2000-02-27,-8.772963451741946,6.249143109918974,0.9692283235149,1.6135018315988026
2000-02-28,-8.419441363090503,6.606113126923484,2.290764242366867,1.5117124609270902
2000-02-29,-8.148097219566946,6.159841042418134,1.7264867753203461,0.7511807966616768
2000-03-01,-8.014152567281808,5.530798293970389,1.7141385269383003,0.9273694290480483
2000-03-02,-8.334649272206573,5.20682924326592,0.8657718153846354,0.3272819283272467
2000-03-03,-9.555795552642499,7.07188827017954,-0.49825527872993125,0.5650504156459493
2000-03-04,-11.292175054615571,7.648831500807702,-2.232618045438671,2.1287480304560242
2000-03-05,-11.423745681427642,9.901162294777464,-1.2659247576468222,2.440368243750462
2000-03-06,-10.427841988746657,11.291844893498158,-0.5632361715517021,2.9088181273712888
2000-03-07,-10.333581209518307,10.313158207658132,0.8879075606179977,4.859575015632472
2000-03-08,-11.075753688515988,11.168536927897527,0.9405461976749696,4.330324731611463
2000-03-09,-10.176193267733437,10.436274284862563,1.0144606067922433,2.7946177173170383
2000-03-10,-9.954286423009192,9.256161502673146,-0.3977556450605466,3.351299831725225
2000-03-11,-8.713334924199984,8.962082059859277,-1.2983307504042794,4.238159611229371
2000-03-12,-8.69358608472397,7.425603863233128,-1.4894406082558405,5.1938978442310155
2000-03-13,-9.190720248261316,7.513707487876947,-1.3186814444673556,5.57256072451517
2000-03-14,-10.333621970139042,8.099938736241153,-1.5848347416430406,4.44599646184632
2000-03-15,-10.37595885785835,7.282252204142512,-0.0636359034781877,4.535258055595557
2000-03-16,-9.886071570222098,3.4765618178906594,-0.3418296257444299,4.742714571615932
2000-03-17,-8.923507387686406,4.546891836781207,-2.3868288885337448,4.99691254415718
2000-03-18,-9.27353173666024,4.355867509144726,-1.8717230424718307,4.6051797829690795
2000-03-19,-10.232104548757704,3.4850374024650157,-0.21589869003406248,4.614260511403443
2000-03-20,-11.62316803424632,2.6044113471398207,-1.1125828670486584,4.994167563443253
2000-03-21,-10.586801031717195,4.958255253280079,-1.2320274325469966,3.365931091817436
2000-03-22,-10.274730000828718,5.647210647813141,-1.4635279391335905,4.258941815132305
2000-03-23,-9.756805526155677,6.54221978080223,-1.368869342867154,5.0148045712116796
2000-03-24,-9.448641351096892,6.109275429966652,-2.1131048610023404,5.479496852581241
2000-03-25,-10.788364573555103,8.306371061992522,-2.7497369905293905,6.544043921047575
2000-03-26,-11.4340303091724,10.939343470234393,-1.4581136224055407,6.901267200750996
2000-03-27,-12.062230412988633,9.895120309364728,-2.142234190575804,7.408983558392246
2000-03-28,-11.365763623182513,10.276540078492765,1.2537124900635876,6.93339685861743
2000-03-29,-11.812630557844749,11.126460273025131,2.234494552076567,7.920376641404073
2000-03-30,-12.895426036037522,11.899042368012914,2.5134376112638157,7.974435179094439
2000-03-31,-12.471071626280963,11.915207900486319,0.9875733671693885,9.570088462158413
2000-04-01,-12.962248937698101,11.280838013432314,2.2334108931709906,7.824368511856958
2000-04-02,-13.210888531495328,12.088322632678405,3.3427109219293563,6.956282828291717
2000-04-03,-12.366965517104811,13.107590598407217,4.52261442486008,7.276965949223014
2000-04-04,-12.053178353268986,12.77833151039199,4.158564000248692,6.60499205985872
2000-04-05,-12.227394167417021,12.91017210782692,2.2610001620324978,6.4981264331903
2000-04-06,-10.699847001710339,13.793810601667463,1.3720989481050911,4.778154042131941
2000-04-07,-11.181195398630269,13.27450646736264,0.9133799040467446,4.387811048519926
2000-04-08,-13.675184242478037,12.541120431544902,0.659057752107005,4.930643717230136
2000-04-09,-12.709033876041476,13.404244202798491,1.2285600973500639,5.651222389935966
2000-04-10,-12.338670236870563,13.679973750302034,1.109009646407682,5.9208268605169945
2000-04-11,-13.84662713744461,12.74725910362149,0.9044160113296658,8.207830228611456
2000-04-12,-14.065505814078488,12.862088871783438,1.906035921637232,8.028567025590043
2000-04-13,-15.056082599080353,13.079981897066466,2.3934785579936504,6.923776865630221
2000-04-14,-16.582645805900334,13.721793920946498,2.711832792831898,7.089594380046719
2000-04-15,-15.627828704661852,13.762529983330131,3.3657630548279123,7.488349048592989
2000-04-16,-16.213290327053652,14.164237749231697,3.8245368723025726,7.739475290264922
2000-04-17,-17.297295001967044,13.743762796327488,3.8649204494850036,8.200280966284575
2000-04-18,-17.91821005439026,14.202536984065388,4.968828190541217,8.5628509426961
2000-04-19,-19.390768960145323,15.30950114831623,3.9645463397747784,10.421890441764592
2000-04-20,-19.040787339746284,15.455018175943254,5.179138155997111,9.594843944120015
2000-04-21,-19.354742107014278,15.479528018199009,4.069695782210392,8.974812932261598
2000-04-22,-17.914565970301883,15.4167492273909,3.694042642836449,10.562758347771258
2000-04-23,-17.076916328656512,15.698953141985559,4.778195811492033,9.944670176548334
2000-04-24,-17.42457006315229,15.17878613950943,5.667723628919712,9.973854016401079
2000-04-25,-17.638250298193935,15.234654099314348,5.838242337363906,11.203577247579684
2000-04-26,-18.25866646634052,14.228221083328007,7.444195254235242,11.778234672541327
2000-04-27,-18.04072875046801,14.431856601154573,8.98443273762858,10.745824987293787
2000-04-28,-19.48050750982233,15.566096432314552,9.18971148009494,10.311853374065093
2000-04-29,-20.109991465171053,16.425117392658272,8.638071476867395,10.181935718318813
2000-04-30,-19.00231311363741,15.780715210234522,7.255162567910777,11.291254207691168
2000-05-01,-19.002476894580532,16.199948131215486,7.494784351687423,11.54513339755153
2000-05-02,-20.18929795234697,15.839480083346826,5.8263355366004355,11.504224679699247
2000-05-03,-20.2211324706592,14.45955870604194,5.725147689416556,11.783583133553043
2000-05-04,-21.035677971397245,15.180960092007739,6.164909505333412,11.518177888159979
2000-05-05,-20.043740432672095,12.863330638779587,5.269875800404638,12.090714176739775
2000-05-06,-20.498029556529172,14.779157789768052,4.442130896153932,12.1765714604929
2000-05-07,-19.70305856619394,15.67633768726616,2.642107145633404,11.381005439888463
2000-05-08,-21.4943200096646,15.692768029477113,2.520537095401631,12.480513012895353
2000-05-09,-21.80009823922173,16.352203349308436,2.9535263782408987,13.86124489638165
2000-05-10,-22.16709271810386,17.319952033291674,4.245760319881063,14.45999210816728
2000-05-11,-22.456592930218875,17.524833165323866,4.30369485469983,14.155829053697051
2000-05-12,-22.29412413366475,17.408856455960752,3.5146188779491556,13.9448255435629
2000-05-13,-23.13010930100616,18.028937141679155,2.446274450923112,13.902223925635798
2000-05-14,-24.306634364336077,19.083945344613763,1.9624468295422977,13.893096807743614
2000-05-15,-24.56611493632184,18.508082813881426,2.4063222441880963,14.067726036418785
2000-05-16,-24.597946830964514,17.85017228221499,2.120591667240273,15.6637490391949
2000-05-17,-24.889983179779463,19.725140972259076,3.064244677813271,15.80419331000326
2000-05-18,-24.94225585079324,19.36297501518475,3.1584948042291767,15.314541119537472
2000-05-19,-25.236494364295016,19.104872198487246,4.414342850775322,16.66111095154648
2000-05-20,-26.725263890079724,19.20390709824273,5.292551118368947,15.162582921359967
2000-05-21,-26.648445092646522,19.23274455050319,4.289953725408489,15.54884049200342
2000-05-22,-25.60050763497839,19.557592217111814,3.3334203511198144,15.422514061229547
2000-05-23,-27.17770907668726,19.946876122036187,3.204755831995449,15.181595173332706
2000-05-24,-26.634174831490256,19.25681122822826,2.966868664223997,14.751481842044367
2000-05-25,-26.968555868629878,20.597879400321155,1.8995274408839833,14.362131941485988
2000-05-26,-28.29574774539426,18.888241657535414,1.4177911695800107,15.673074318826979
2000-05-27,-27.59155973343833,18.246052440553694,3.1281972272247263,16.324021014395566
2000-05-28,-28.71860823848594,17.43568842214872,2.774655720942878,17.186950956539352
2000-05-29,-29.72915300508669,17.895805936380448,1.6377118457372968,17.048321036597358
2000-05-30,-30.116972617674435,17.684951235389033,1.7871482920243025,15.969851983257946
2000-05-31,-31.904390586078943,15.723172320637001,1.7274244195965063,15.659318351267336
2000-06-01,-31.229235834986625,16.76693086556237,1.9211245870213216,15.343857566147268
2000-06-02,-32.269043824655995,16.489201711219945,0.9524690634081647,14.623834548132551
2000-06-03,-31.87688466771572,16.96017159290202,1.6817216845494682,15.196057214793917
2000-06-04,-31.306154704072537,18.227033449682093,0.6654409236955672,14.21042915253499
2000-06-05,-29.266730574942834,17.819363970856624,1.9579168579129802,13.851915742082822
2000-06-06,-30.684459766344066,18.485160107597046,1.170436728470445,14.152797640747757
2000-06-07,-31.366639037502143,17.83035208726463,0.5065602048681758,13.916294931753038
2000-06-08,-31.83387617025746,18.525840418631198,1.0405783309991374,16.177442420624416
2000-06-09,-32.7590686121301,19.382126117757057,1.5393449325922515,16.28785157224067
2000-06-10,-33.098152592301965,22.090319982101278,1.826988858430819,15.042625218520866
2000-06-11,-33.15333909773432,21.124354863013636,1.0859839810733591,16.59187786798449
2000-06-12,-34.30214762274733,21.99810315113948,1.947135688929242,14.3160656698858
2000-06-13,-33.24724911611258,22.173843701374103,1.9051737796324486,13.716343567140047
2000-06-14,-32.49648215743001,22.972413837814084,1.7222503748919424,13.430338133779353
2000-06-15,-31.149044676424833,23.07893292617177,2.835773513266341,15.146445212604641
2000-06-16,-31.121920085767133,23.496221856725057,1.7442869085073387,16.10068226522334
2000-06-17,-32.054981666195246,23.247953827822496,2.371558051952112,15.935374012452378
2000-06-18,-33.57552507175785,23.410763948447705,2.7340289531593487,15.561659352987379
2000-06-19,-33.716248650725895,24.209511057308266,3.0482975227832023,14.237695504648807
2000-06-20,-33.64929358770529,22.62877614187881,3.70581364831669,14.287944104082106
2000-06-21,-33.218928331576706,22.448062485451906,2.9130745917634613,14.542095245986264
2000-06-22,-32.13218501275551,22.68419827911506,2.8095036705670675,14.985577036226235
2000-06-23,-31.863454685377114,22.86323271243639,2.1870320331432107,14.865193491890953
2000-06-24,-33.6586234840908,21.86123409036033,0.6718755080192269,14.914878220793641
2000-06-25,-32.412063494446166,21.02493677518962,-0.5357204422599637,15.065782856968845
2000-06-26,-32.97526790036733,20.653997314626995,0.45520603315869335,13.967246975330928
2000-06-27,-34.94383255637567,19.47997355327374,0.31603660025678126,13.307291927600948
2000-06-28,-33.40451663173233,20.028516126399225,3.2350508603732653,14.753016902209772
2000-06-29,-35.41854754412948,20.32641221125164,2.5627910140200667,15.547072370584834
2000-06-30,-34.57841540004222,20.190078144900646,3.2115160211467817,17.7660892072964
2000-07-01,-35.6224062937581,19.885878295658973,2.5239239739195773,18.860877697278386
2000-07-02,-36.082735947264794,19.698407355430735,3.4927581632560507,19.347791869382885
2000-07-03,-37.8800732981541,21.230102374876722,4.900804485249783,19.194268973264556
2000-07-04,-37.34394888349237,22.433228923447068,3.6842145042401278,20.441993527114786
2000-07-05,-36.22210834611819,20.745820310797008,5.221410899124871,21.524586429819628
2000-07-06,-35.965913932961456,20.72444307574089,4.186676851486567,20.616464624665486
2000-07-07,-37.74967627888889,20.80290649823644,3.171511500464737,20.25679841397389
2000-07-08,-37.89626227521393,21.46906236612487,3.2012157831487977,19.681418352135832
2000-07-09,-37.51538484669119,22.01131539741383,2.0629540173464616,19.062971915588395
2000-07-10,-39.075287927421336,22.4570722412463,1.2071134077091341,18.77622228096499
2000-07-11,-39.14737417995695,24.494436509374218,0.9512575861963352,18.035990348123118
2000-07-12,-40.182695875737686,23.9489085380156,0.2228512146774111,17.46287120599009
2000-07-13,-41.393490630645815,24.623235694787372,0.9185337483093505,17.295844499114242
2000-07-14,-41.84240947117135,24.902114571017176,0.274193192924186,17.32273468481071
2000-07-15,-40.217436208053165,24.91039026499937,-0.013220497993960856,16.32227602586336
2000-07-16,-40.5769215030434,22.87931913402033,0.8452816156656188,16.607098232171957
2000-07-17,-40.21616859731867,23.258981913682824,-0.25943854230368746,15.212790691480238
2000-07-18,-38.82495263437912,23.961729933987062,-0.4603034976322016,15.973873399250442
2000-07-19,-39.007269687713624,24.06941900230498,-0.7535263497617888,16.010321872962727
2000-07-20,-39.03498184420099,25.615747344221983,-1.3545933181980165,18.2153797980917
2000-07-21,-38.43445120415522,25.91026258475753,1.5949130919668144,20.567570153934017
2000-07-22,-36.182144651441135,26.229403615000432,2.3373200603602715,18.76722306750717
2000-07-23,-35.69463243402997,26.228914970647438,1.085045571376057,17.968096279028675
2000-07-24,-35.17351502519324,26.89200157381336,2.801008151107351,18.51149916801184
2000-07-25,-35.08626408451374,27.440078170764867,0.6304968900633336,17.281385904426475
2000-07-26,-36.28720611385781,28.08691835707544,-0.8523714101284983,15.819457822253575
2000-07-27,-36.72207479839549,28.543650842022977,-2.157407523793049,16.11391463776067
2000-07-28,-38.06547448173248,29.64134437461884,-2.2010894483391157,16.623954112744673
2000-07-29,-36.911217290296165,30.56064269716044,-2.7990178739790776,17.21334105863685
2000-07-30,-36.1863881249277,29.30918486715117,-3.3614779934077834,18.98440473966698
2000-07-31,-35.631629600473666,28.646392082539016,-4.139039837987753,18.62432976421364
2000-08-01,-33.29737517490623,31.082752722308438,-4.694274262802362,18.567331252759406
2000-08-02,-33.848483363911505,28.896277180058725,-3.8835962817324416,18.661351532276463
2000-08-03,-33.21730031155535,30.03324625634888,-3.3754686395829836,19.22637424068932
2000-08-04,-34.51246438240301,30.362040377378698,-2.701193218377134,19.24621973219008
2000-08-05,-35.62784652543386,28.798454445281532,-2.061755450422074,19.013224497438955
2000-08-06,-37.856149235479364,29.53890065489021,-4.586542882536916,18.35420644900243
2000-08-07,-39.807694622990326,28.576295837654165,-5.0858417133457285,17.769464686692846
2000-08-08,-40.444891603461656,28.801254914513652,-5.081288188378385,16.428899719688193
2000-08-09,-39.340408344213344,28.237186702335244,-4.744651892983123,16.228954952506008
2000-08-10,-39.7420824242386,28.580710039613688,-4.254779367336446,16.242386885463223
2000-08-11,-42.22961490477924,28.82970684825543,-3.3428066162178576,15.65313952302101
2000-08-12,-41.33582992520469,28.8945565202057,-2.6648117144135997,13.034986037202916
2000-08-13,-42.06791998963244,29.56715223824965,-2.902865889109455,12.49753006116075
2000-08-14,-41.72695354170976,30.058563822450925,-4.997771053333796,13.722063914246704
2000-08-15,-43.33340376645423,31.116295533066538,-6.10556881643768,14.775002090721353
2000-08-16,-44.520383334202585,30.42399434488463,-4.603583455232685,16.170991524204783
2000-08-17,-45.320370019867234,28.812036380298878,-4.712924823986822,15.196080546218653
2000-08-18,-44.63763721004969,27.93879141474655,-6.640230255219411,14.258574383906375
2000-08-19,-44.5522816596689,30.050958446513043,-8.390744264208545,13.807811718550552
2000-08-20,-44.188873995675316,30.82724387429743,-8.518396728912927,12.609612801162639
2000-08-21,-42.2061069837398,31.517783398016466,-9.898005227017945,12.395494143616427
2000-08-22,-41.78415589014273,31.552992783305,-11.44392819125561,13.16268332563705
2000-08-23,-41.54199583622219,30.79476883297738,-9.788841641972239,12.976965990443004
2000-08-24,-40.763024170491406,30.53638130020501,-9.615463901994122,12.5660578268681
2000-08-25,-41.34940050413301,30.64395117672951,-12.179711417231056,13.020771926436794
2000-08-26,-41.53745165051217,30.5571703302458,-12.868731038626754,13.93824268706114
2000-08-27,-42.41430574093881,29.761333963774184,-14.404286621028833,13.680144159765845
2000-08-28,-42.571225097460115,30.18132989787058,-14.105853014972606,13.06748051253556
2000-08-29,-43.38896314249343,30.14541348084078,-14.357114217047295,11.033993372171821
2000-08-30,-43.23684846283395,29.209649878107648,-14.358351305634836,10.297127170937083
2000-08-31,-42.19181151394021,27.688963245324956,-13.95842777514759,8.300895783438214
2000-09-01,-43.5454394139411,27.254609742891166,-14.280780873542103,8.926254055236555
2000-09-02,-43.28409213477662,27.447554693544618,-15.317484944900734,10.147551328610437
2000-09-03,-42.77677064611854,28.536801755488774,-16.494486937115347,10.648804159394329
2000-09-04,-42.90649901675367,28.496220692652944,-15.64610429164831,9.84839609951346
2000-09-05,-42.269665462265046,29.279225432629797,-15.168581278612672,8.823024382082473
2000-09-06,-41.19900269582711,28.845717531937847,-13.897722966705045,8.045998248780469
2000-09-07,-42.03038622234509,28.45432130718118,-13.275788862129241,5.501388457398567
2000-09-08,-41.56191133252623,29.6233930153397,-14.397191646742758,4.535436807204084
2000-09-09,-39.753002529567794,28.002000012640412,-12.701717772979881,5.178253547484307
2000-09-10,-40.55598161318624,27.936069226461345,-12.513336844244202,4.5771324181414155
2000-09-11,-41.12184954209873,27.23239641304498,-12.6806740356376,3.6906248129338226
2000-09-12,-40.494415864856855,28.11109397060996,-14.097667952818322,2.3148838185575356
2000-09-13,-40.12848650313683,28.7544159300941,-13.84472684194212,3.1527591877429706
2000-09-14,-40.143057960658695,27.25597525399095,-15.224025070692663,4.394859098462039
2000-09-15,-39.728431310306526,27.721525755590694,-16.11855055103299,5.520131753222963
2000-09-16,-38.18850262738416,28.34928872049912,-17.168113442907362,6.392070946764653
2000-09-17,-38.596663240960474,28.87339001154401,-16.394156647923523,3.6658143477531997
2000-09-18,-37.53760194350964,26.74233931280366,-17.58237476378025,3.9130444490872973
2000-09-19,-39.3099409196444,27.839231098220225,-16.982356852381027,1.3311259656761898
2000-09-20,-38.997819773024666,27.96107920727737,-16.671950084847314,1.5111008897085383
2000-09-21,-39.697703225917735,27.809035741497656,-17.742077552232264,4.840505110157885
2000-09-22,-39.6982315245018,27.381332011030114,-19.2579328223117,4.392256802710164
2000-09-23,-38.97502968246166,28.508802138365503,-20.345582019216323,4.58352747377871
2000-09-24,-39.258221643060786,29.19707470881873,-22.805740502456054,4.895298441815601
2000-09-25,-41.11368256550734,31.432205126897408,-25.020536094858365,3.654586470874002
2000-09-26,-41.533122626513034,31.69383274829281,-24.740825300306664,3.186593797500487
2000-09-27,-38.97738368615429,32.47630024806312,-25.247131201450163,2.649541122019969
2000-09-28,-39.77194769275685,32.53857129069501,-25.112029002308557,3.5849321832260688
2000-09-29,-42.08312156544461,34.03483184964314,-25.87335327119276,4.61108350385408
2000-09-30,-42.47591657125363,35.655325266702185,-25.968207755562766,4.119979347561487
2000-10-01,-42.732020977768485,36.387387500005715,-25.750009502635702,4.50242729680847
2000-10-02,-41.68604836470615,37.54220091516946,-26.213845435877868,6.1878814693515745
2000-10-03,-42.22214656749528,37.97641826279247,-25.675567173181545,6.211369680849035
2000-10-04,-40.208801992620366,38.06519935362547,-26.037904320296562,7.4403388617091295
2000-10-05,-40.32993165637349,38.579471259365,-26.22929385470398,7.988623071949217
2000-10-06,-39.61437032042629,38.58569743537699,-24.744225968525953,9.567702717036012
2000-10-07,-41.14517557264926,38.08576856033445,-25.126235252070092,9.908510490257722
2000-10-08,-39.315298888587,38.799185204039674,-26.55301507906937,7.847626634771206
2000-10-09,-38.46344547372627,40.268410359263896,-26.464302703151194,7.828872002948519
2000-10-10,-38.79123858420491,40.68986933183791,-27.941351622235956,8.049194809880435
2000-10-11,-38.72687895013261,40.06149976294677,-27.86215800975032,8.62920418766871
2000-10-12,-38.33256019750446,39.48350577728075,-28.54138729956957,8.39603108651123
2000-10-13,-39.972596998243645,40.149378316814875,-28.89279575604063,8.449925925342992
2000-10-14,-38.25472726009813,39.7675396266693,-28.8455662646046,7.4067944560931736
2000-10-15,-38.5027654305931,38.36737853158857,-27.528925573359572,8.383793780764838
2000-10-16,-38.71892211149157,39.74734799777495,-26.029284354432807,7.525846941420949
2000-10-17,-38.27553762657469,38.80305115774621,-24.700207345854754,6.643844974358477
2000-10-18,-37.312233385020825,37.17121400211903,-25.17592557936481,7.833598861193193
2000-10-19,-38.57351155901881,36.752063528986824,-24.83608748848009,8.5867541487039
2000-10-20,-39.39116244435034,37.75377230036711,-25.34393205678213,8.239132688571846
2000-10-21,-39.33941666823261,39.411057336046845,-24.27390085341583,6.911663540736846
2000-10-22,-39.96775469508081,39.717943772253186,-24.053358880107268,8.656119795255632
2000-10-23,-40.428261710006176,39.490679427751175,-22.59801124441868,7.41222605251118
2000-10-24,-39.60396765911981,40.09424287071138,-21.717390549402626,5.606318479927445
2000-10-25,-39.07776012656179,41.08139740279141,-22.168633322820646,6.368079789359334
2000-10-26,-38.77599795908308,41.90197193597639,-22.4422766327449,6.7517977849641255
2000-10-27,-39.33724035762905,42.67212166685071,-20.82102532629971,6.489444772169736
2000-10-28,-40.74285420947143,42.4345318610702,-21.880193911458317,7.552220987467509
2000-10-29,-39.277492746910035,44.39866765421436,-21.493439511382032,4.81810358419121
2000-10-30,-38.065435977091894,46.20399259928021,-22.32271754839751,5.558040586609489
2000-10-31,-35.86042664623817,45.66913930764971,-23.150185686181203,3.233587522447091
2000-11-01,-35.80104203566989,46.800957879853954,-22.456095228846927,3.379046161682652
2000-11-02,-36.64158654272157,47.268681575431735,-20.62131325811543,4.0780770142089695
2000-11-03,-37.10716630288492,47.594495559025006,-20.632983690634514,4.748596641839965
2000-11-04,-37.86531427095659,48.064460926709025,-22.527794452439025,4.139927206610305
2000-11-05,-38.286041064649325,48.82797548079784,-20.981066376790675,4.957274830101028
2000-11-06,-36.56114702764007,48.57108998595606,-20.584097590141692,5.033420859977201
2000-11-07,-36.94935229592406,47.53896619771106,-20.18116355418127,5.457557129517996
2000-11-08,-35.91533634829018,49.343743759969655,-20.932858682244863,6.940158374339489
2000-11-09,-33.867706494635065,48.32833607237045,-20.35788031588706,7.456388612850848
2000-11-10,-32.63136032496145,47.78195450369499,-19.071218945531726,7.455115569468307
2000-11-11,-31.579865615473587,47.59814442963378,-18.582933728637947,6.613251178020467
2000-11-12,-31.996769187731022,47.49954259647265,-18.623353733432445,7.383973859546213
2000-11-13,-30.32574966778807,47.94801789716726,-17.753108433093164,6.9914679171113585
2000-11-14,-29.299436976589334,47.220405917643085,-17.780141651631634,6.507939234267803
2000-11-15,-30.49256916934509,49.823933249664556,-19.283056407528374,7.41058516382675
2000-11-16,-32.32015618204909,51.15185738457689,-19.5517587386456,8.199454283602504
2000-11-17,-31.342321330032924,50.87123377525108,-17.972963611373064,7.05818858275583
2000-11-18,-32.461082637618986,52.78675942551807,-17.750998667249597,6.266167044895844
2000-11-19,-33.525181287026236,52.47007320440526,-18.471670702567277,8.429784768873773
2000-11-20,-35.373154720463305,54.78312328376031,-19.24523461390698,8.00838191555942
2000-11-21,-34.71012556789542,54.92813368315382,-17.508258862378774,8.113384546778168
2000-11-22,-34.30078404251671,55.71723025111565,-16.88429339870535,8.402636793119642
2000-11-23,-34.45837807930577,56.0063125659641,-17.896291969785675,9.383674864057555
2000-11-24,-36.433767975450024,57.02528012166561,-18.503514770226154,8.10251784863112
2000-11-25,-37.266028366593034,57.22585659202905,-18.007328466084974,7.5658641537955
2000-11-26,-37.97515470681732,55.699209479405255,-19.60832947275605,6.487570529998722
2000-11-27,-39.70097535597811,52.14031245662706,-18.923786735899927,6.187309542835547
2000-11-28,-38.409415173123044,53.171574865300784,-19.143952904426396,7.180706996997246
2000-11-29,-37.391046366378745,54.06039964605879,-19.500341889714335,7.015855658947817
2000-11-30,-36.84993160328271,52.92282183117007,-19.919652329521963,5.616488081787575
2000-12-01,-38.2990737405211,53.45251409304913,-19.810732978638622,5.976046292166561
2000-12-02,-39.1394006512231,52.37920181720324,-18.738463906349704,5.198313956351732
2000-12-03,-39.00488225009149,52.33105348410164,-17.146847101513938,4.8929474230457615
2000-12-04,-40.44104151264278,52.46965393065305,-17.679817867703125,5.149729707275626
2000-12-05,-42.17179458498756,51.32357985005772,-19.55132638352634,4.127807556823444
2000-12-06,-43.31293323643876,52.131171645751145,-18.855415620300377,4.241167053449504
2000-12-07,-43.40183345532017,51.585326066157045,-20.53564127229628,3.8893933391316544
2000-12-08,-42.72979636509493,51.315715962797015,-19.612222163827745,2.911881173880518
2000-12-09,-42.48342521976121,49.64056837676812,-18.9715325693711,2.6106191294814156
2000-12-10,-42.307962753566876,50.414586221281866,-18.741429540516354,3.2670568132694155
2000-12-11,-40.64372706973925,51.66394250209757,-19.999840774863518,3.2706217767912613
2000-12-12,-40.53722108667039,52.281737911560285,-18.22493467538169,2.346136255603769
2000-12-13,-40.215987746723656,51.97256219934147,-19.41374049991003,2.2669486196321174
2000-12-14,-41.43482500602518,51.86344142936843,-18.10687631694876,1.9587490161922037
2000-12-15,-42.033181211031625,50.319783614713614,-17.937653796408433,4.275540433390447
2000-12-16,-43.932367658691746,50.20966937137186,-19.25896789127025,5.149687801880337
2000-12-17,-44.326702521501254,50.98720572828768,-20.585814410107577,5.527602672200552
2000-12-18,-42.741321706047515,53.16654667044364,-21.087606987089295,5.6160754108694375
2000-12-19,-42.993041181065166,53.88076552712914,-18.592063772023693,5.773654559861191
2000-12-20,-44.15656307355281,54.396902744129775,-17.593672080780802,7.813515275406892
2000-12-21,-44.71305975874552,54.30316181979647,-15.974299421452718,7.932675075997366
2000-12-22,-44.23513530792101,53.787951634981404,-14.288899367674114,7.26762369915256
2000-12-23,-45.14342796897746,53.13853066479092,-13.643702933377194,7.373253874151462
2000-12-24,-44.18325035201074,53.6267119816704,-13.848682835250491,6.1872199864365
2000-12-25,-45.25830078349326,53.82402593219637,-13.90853469007636,6.972395784205596
2000-12-26,-46.777027174058134,55.889962865243945,-13.552341965537805,6.7408384966727795
2000-12-27,-46.94095826527535,56.63586732851838,-12.864347295493992,6.569625561425839
2000-12-28,-46.42565142262019,56.72335658336409,-13.123080996596522,5.2968748004203405
2000-12-29,-47.633147561512544,58.42137187763898,-12.358177125764918,4.449781534471959
2000-12-30,-49.033948381526564,58.77476970737198,-12.220089659083728,5.344589732295418
2000-12-31,-48.5842373561485,56.509237888346405,-11.723008551015543,5.16645445593526
2001-01-01,-48.5333084378965,55.94647817154695,-11.425021743157815,3.2791331778748427
2001-01-02,-47.735914461998846,56.797929143252354,-11.711076642730736,2.936104423756566
2001-01-03,-47.58431180539723,54.99404216602387,-11.604468492599075,4.352721796977018
2001-01-04,-46.56307885366355,57.41147241306043,-10.342515635958533,5.335459607019052
2001-01-05,-47.407280489302806,57.76244650970836,-13.020915646277912,3.630541151906172
2001-01-06,-47.6094735657021,57.85971089174684,-13.756161749647063,4.17043957617133
2001-01-07,-47.382188987319026,55.87374582601288,-10.136930401321612,4.591463855708985
2001-01-08,-46.72525548559531,54.69792034260649,-8.631941733189901,4.807105712168145
2001-01-09,-46.53616843969531,53.81918699028152,-9.221896074519194,4.118916964231304
2001-01-10,-45.599528366578184,54.695006606034035,-8.463860032032937,5.206295069144116
2001-01-11,-45.863177466292484,54.96440887895419,-9.570420145494865,5.226552709955813
2001-01-12,-45.57513240424911,54.69353876369702,-9.989058985093104,3.7279256620249868
2001-01-13,-45.409695986433825,52.97763816717298,-7.911558255227969,3.949199935921045
2001-01-14,-46.756872549480924,53.65132501078091,-8.506031802778418,1.3294860245390878
2001-01-15,-47.92977520220112,52.37480812839869,-7.758654412252472,0.9205307851148032
2001-01-16,-47.571952836031265,52.45358088779573,-6.029383033521039,1.2866176355734245
2001-01-17,-48.09399356922166,53.04125705454175,-6.4638722943310345,0.10759993822352865
2001-01-18,-46.50809394390087,52.698627769067336,-5.893740926578531,-0.5607553533066671
2001-01-19,-46.1225866394614,52.665947288160076,-6.7487204420804225,0.13983455298921488
2001-01-20,-48.031219337331024,52.199944899377996,-6.759307434091825,0.11100584805222684
2001-01-21,-48.879205184256925,50.487112459009126,-8.067173603594659,0.5698780429887917
2001-01-22,-48.31700266479515,49.01794519680397,-7.602332300702834,0.7404610034215922
2001-01-23,-47.99266346898587,48.92907280454835,-7.933267981719213,-0.2704244010442476
2001-01-24,-48.29200106000091,49.388192848035125,-7.713128650974392,0.010458809929938084
2001-01-25,-49.04269350541281,49.96887334890689,-7.73993953035574,-0.7375921911015275
2001-01-26,-49.47502663120994,48.6824247676095,-7.434367570479001,0.34137172973370955
2001-01-27,-49.77723568630475,51.1971307007839,-8.43652509709461,0.586262308146168
2001-01-28,-49.53849128072306,51.477736847441754,-7.987063116966334,-0.608747450774721
2001-01-29,-49.41955860899958,51.47084530997258,-6.571555876105077,-0.26906576856607634
2001-01-30,-50.707725648474664,50.155416772211986,-5.374023682728965,-0.1220764606992871
2001-01-31,-49.94722349685628,52.52773651140262,-4.90053709034251,-0.9327742365118413
2001-02-01,-49.46950074616773,53.5591866517747,-6.016271974545817,-1.7307009272796956
2001-02-02,-49.049194084766356,53.41214590845439,-5.866165436392636,-1.933862935327997
2001-02-03,-49.844695436321224,52.547472448070735,-5.493302888649772,-2.8350536386959027
2001-02-04,-51.63889276786501,52.754068324727434,-4.2772432651432215,-2.2081652636873845
2001-02-05,-50.56047200399274,51.97437940132022,-5.897223871171093,-1.3430609945488072
2001-02-06,-51.31171894013533,51.3076957035004,-5.2412989925128155,-2.3639591134618354
2001-02-07,-51.962638919017984,51.496428380716104,-6.7537947352207,0.1128828626002063
2001-02-08,-51.971862221209456,51.23374379235091,-6.911753038644356,-1.035198458283475
2001-02-09,-52.51711585391116,49.30340153690654,-5.707412348944642,-0.2122657845453485
2001-02-10,-53.08117023728122,50.333952553819636,-3.789812428907042,-0.6534741217155866
2001-02-11,-54.308377418389824,51.151496943822764,-3.9240134366431776,0.37179338950094465
2001-02-12,-54.16488104670869,52.120626741976004,-4.309895988214795,-0.15599082427327715
2001-02-13,-54.786805912479736,51.10368726552099,-4.810355714920723,-0.6570917032883999
2001-02-14,-55.8459348613158,49.90344116034344,-6.0683690532695,-0.22975398641565037
2001-02-15,-56.11466749705082,50.20562433375867,-5.759665743923127,-1.1752102476678874
2001-02-16,-56.63567156213854,50.1406214721326,-4.557316362973874,-0.7963316502087734
2001-02-17,-57.64841458254868,49.96513535591599,-4.878860123929832,-0.7385540825041623
2001-02-18,-56.65752488471292,51.36910261371405,-4.937107154073277,-0.5063077132242256
2001-02-19,-56.354894877893734,50.93865477767154,-3.758656511404875,-2.317801194002482
2001-02-20,-55.54348071810694,51.35759862027912,-4.54028236784882,-0.5898205637243117
2001-02-21,-54.639233845356436,51.19629664924102,-5.079118002787455,1.1183414490924062
2001-02-22,-54.10157268866844,50.76746415146035,-6.1505583950764855,1.8807756846923689
2001-02-23,-52.69487907635573,49.65825066701936,-7.216706689084788,1.7068639140431539
2001-02-24,-53.8593240999181,51.70356819683032,-7.8903690600310945,2.22381463904785
2001-02-25,-52.677302465008154,52.67603907952017,-6.726325099901278,2.512193545163589
2001-02-26,-53.48866413453653,55.19125420205366,-7.260134505406326,2.430217991979852
2001-02-27,-53.527738727975596,54.58213444614728,-7.845388817617368,1.9469332717217134
2001-02-28,-53.03065591597065,53.31159605785549,-6.711835258179145,0.7411058113924001
2001-03-01,-53.81915251428312,52.82128854864827,-7.346075293067705,2.103467452730589
2001-03-02,-52.340384884948406,53.853006309256486,-5.979881000106275,0.7377919749459112
2001-03-03,-54.281607508234025,53.952336440944734,-5.524990620396545,0.20910180732671402
2001-03-04,-53.973578319932706,54.41384106326386,-4.860610830161664,-0.9521759303554248
2001-03-05,-54.63432882729538,55.33078546504188,-5.083503733132185,-1.9152115974505373
2001-03-06,-55.694356973420106,56.95520598790815,-4.019747059900258,-2.2597992543302263
2001-03-07,-56.32074778557671,57.4392495917317,-4.853195639040616,-2.027113003933255
2001-03-08,-55.29586220549585,58.20147298826808,-5.179228621840647,-0.7783339439643493
2001-03-09,-55.38640050620089,59.20507411608698,-5.995508955772907,-1.1024092759216544
2001-03-10,-55.49599981413346,57.777968504861136,-6.5154881630755765,-1.4554190833319727
2001-03-11,-55.860463716762226,58.74011177467812,-6.0444586931347,-1.3041337869925476
2001-03-12,-56.89474019598839,59.780251287337855,-5.992279997773729,-1.515286697629046
2001-03-13,-54.923914479707506,59.1622423355507,-5.641959692745623,-2.1229044009173985
2001-03-14,-55.34237628529574,57.766003686596946,-7.205558683447408,-3.1063316486440655
2001-03-15,-57.049752371697906,59.03148628469364,-7.615189773723933,-2.8872819253288378
2001-03-16,-55.94426564564371,59.15273179799243,-8.078457438858523,-3.5131190682906137
2001-03-17,-56.39496530812401,60.19649182895052,-8.093422803938926,-4.872340091057091
2001-03-18,-56.10458644794874,60.97064378185885,-9.13145135588454,-5.200326824403598
2001-03-19,-56.04344900319596,61.332359229744476,-7.8709414130373165,-5.092283949105277
2001-03-20,-55.33382626210886,60.964265419606626,-7.3155019786568865,-5.0641660238996
2001-03-21,-55.86518950051151,61.92409312567447,-6.069824088838941,-5.164918138909286
2001-03-22,-57.58226989916884,61.83040625736544,-7.8654049844311995,-5.744020343717965
2001-03-23,-56.0550395515385,62.7589434670551,-6.880205051685688,-6.348478342453815
2001-03-24,-57.036909614248025,63.52434320256194,-7.334663278170513,-5.724282248422408
2001-03-25,-57.155167355925194,62.387988767539284,-8.736580601968951,-4.991197617431619
2001-03-26,-56.33051459577636,63.89839320433788,-9.605974956651295,-5.353252000850765
2001-03-27,-55.14907039773024,63.591977327469124,-11.134224508783568,-5.115977377775715
2001-03-28,-54.28526005336132,64.57558603889548,-11.355182644727758,-4.01992403871148
2001-03-29,-56.83306020808482,64.37342466761525,-11.311057387170692,-4.177192835481316
2001-03-30,-56.469994822717034,62.68783177710056,-9.646063710106414,-4.426713073460385
2001-03-31,-57.43221750739596,62.40789421541378,-10.489815932173963,-3.3476531888383074
2001-04-01,-58.019491645702004,62.61343952332095,-11.947150495402273,-2.781450857039285
2001-04-02,-58.897631258228564,63.209245414694784,-13.526798151378152,-2.629604168974591
2001-04-03,-59.08114185909235,62.46644492070376,-13.066432603995624,-2.6269139929528564
2001-04-04,-59.55972784338698,62.29006423527884,-12.826021465738428,-0.7924955130547222
2001-04-05,-59.700767379887644,59.62749012173584,-14.310870741579697,-1.8073360595134946
2001-04-06,-60.64324988247576,60.391996411257665,-13.033103740291686,-1.3671172898911768
2001-04-07,-59.969029369633645,59.33947951605571,-12.769991163282617,-1.4322104778639682
2001-04-08,-59.136858171284636,58.68767020171349,-12.66333834136222,-1.7570668484190708
2001-04-09,-59.08225613883858,57.67969864904341,-12.335487413874954,-1.8526001096624798
2001-04-10,-59.48858926267651,56.32310954308217,-12.150137286899168,-0.7344875939843971
2001-04-11,-59.26187287573069,57.223009043759326,-12.411984085524056,-1.2146779405833752
2001-04-12,-58.421264108940385,56.98231161133335,-12.855178538755055,0.049672607900226096
2001-04-13,-58.34854359919125,56.68300391190056,-11.313507244257202,-1.8085953892471893
2001-04-14,-57.6043679688111,56.276000122338864,-11.296808402233468,-2.0258608169724375
2001-04-15,-57.68347335141038,56.55176556335878,-10.955960772471096,-1.8773487185048057
2001-04-16,-58.80077114468236,57.01859609774447,-10.210996678521735,-0.047538187509033936
2001-04-17,-57.391831203328216,58.271937789993665,-11.059137995380812,0.09271825160926203
2001-04-18,-57.77091849025178,59.8607313536497,-11.417020564738285,0.6136144692329298
2001-04-19,-57.19497061688589,60.53109351616476,-10.396826097045938,1.408612667071272
2001-04-20,-57.732250719247766,60.759399244379445,-9.281639808920982,4.042428205184082
2001-04-21,-57.66123844848244,60.50690269669275,-8.818998473329664,4.621746032769581
2001-04-22,-57.651640963496625,61.75518652391077,-7.808171304484481,4.900655755957414
2001-04-23,-57.43135801865505,62.10560142019453,-5.750172934592169,4.056663418411996
2001-04-24,-58.9549816224419,64.05644600166869,-6.1860219959794485,4.179651454937222
2001-04-25,-58.663907583404225,65.60586192960719,-6.585537718182549,3.1407603460345235
2001-04-26,-57.82345189178257,64.09867109739328,-6.544985163181171,4.637911117000456
2001-04-27,-60.17151217778215,61.9789253437197,-7.394665384141708,5.316405753534935
2001-04-28,-58.09031855668618,61.152403723455656,-8.310351817545707,6.520409405936445
2001-04-29,-57.59075353959481,60.47344089735648,-8.089103043051455,8.882752088496709
2001-04-30,-59.592198407362595,58.668611687082965,-9.36615896090706,7.466918972683068
2001-05-01,-59.35574845275686,58.37466064574324,-10.205844418217229,8.369613704888176
2001-05-02,-59.305636955807145,57.65086925995423,-10.506293262499003,7.639487345674649
2001-05-03,-58.33376713576876,56.74007842944106,-10.044233968826905,8.215015195095255
2001-05-04,-58.10606929700229,57.59851702652112,-11.425022771752207,7.666842621391326
2001-05-05,-57.975654515051744,57.290486355861795,-12.053757524837655,6.958830163333628
2001-05-06,-56.28128587739564,55.47495885254272,-11.467402482644083,7.466532998283677
2001-05-07,-56.42608248964355,54.02581551289319,-11.248479391036,5.219837441955688
2001-05-08,-57.77750054390069,54.282010309307616,-12.891984355207025,4.539781268430702
2001-05-09,-58.136702423137834,53.28912118730908,-12.736899594595991,4.106249305357859
2001-05-10,-58.15014182565626,53.97405668257272,-13.71164376235582,2.7741631676218272
2001-05-11,-59.3672004990644,54.787552427635,-12.831879650774656,1.8834308917009925
2001-05-12,-57.54741896623912,55.49685077914771,-11.200213199945582,1.0760052338812072
2001-05-13,-57.780476385963446,54.03042975786941,-11.065163819325605,2.642895070038198
2001-05-14,-57.05084569781043,53.342077798071564,-11.51850711713473,1.6195809820864357
2001-05-15,-57.60369407440505,52.83528243758906,-11.675456962447122,2.0309208452892595
2001-05-16,-57.51991275817025,52.654512256365436,-10.94253649343837,1.343051994335632
2001-05-17,-56.38358505637591,52.56703113066173,-9.908343146268193,2.998612944833874
2001-05-18,-56.100739628788034,52.21027246308117,-10.226198495200416,2.8174003385640463
2001-05-19,-56.183832352504886,52.021360113344805,-10.635380817335944,1.4951253803985365
2001-05-20,-55.84482001748803,51.82351171208653,-12.094888793211846,3.0721426607122035
2001-05-21,-56.34765488600644,52.23109307241492,-11.436716811990589,2.2431365543261945
2001-05-22,-56.895179623306326,51.866400706811135,-11.357703157728476,2.664511119475937
2001-05-23,-56.651740055213594,52.32700070827319,-13.0716480985077,1.857426496087081
2001-05-24,-57.84966801974886,50.59548844890931,-11.86191735129181,2.362977881089475
2001-05-25,-57.32725779666784,49.327544977104374,-11.431073038373329,-0.27412429314610076
2001-05-26,-57.63988203985237,48.13877596459187,-10.999233121776681,-0.4253468039920102
2001-05-27,-58.08761269085487,48.47153737629594,-10.232702173810285,-0.8045994469892717
2001-05-28,-58.545428687610666,49.10725951119209,-12.348782628163267,-1.4663543109376556
2001-05-29,-58.603221967573184,49.85856710846471,-12.72015395705238,-0.6675541891241447
2001-05-30,-57.83143455710805,49.22008830858694,-12.164465173905322,0.05067904697038694
2001-05-31,-57.92075798154976,49.28253304037134,-10.853983854555985,-0.4843746070733309
2001-06-01,-58.64999233324875,51.08493722902823,-11.26032850088671,-1.1221855324875607
2001-06-02,-58.17649429540873,51.59921230235417,-10.927572746903532,-1.06215598633998
2001-06-03,-57.70870659272737,52.11539878082743,-11.93160906537158,-1.1497266693361599
2001-06-04,-56.11250351553134,52.043861571864845,-10.938051728737594,-0.5542534918069839
2001-06-05,-57.12526593987843,51.740333662595944,-13.350503021702549,-1.96244398049731
2001-06-06,-56.980598600244235,50.60767665314665,-14.349135773604326,-0.6908811600957359
2001-06-07,-56.510110089943566,51.2677366934317,-13.01447208711298,-1.7457437588320042
2001-06-08,-53.339477715459296,51.738564808317626,-14.094871532776938,0.9568756413143926
2001-06-09,-54.844122160802044,50.6560694870042,-14.610450933539912,2.7028839490463703
2001-06-10,-54.621792287264654,50.76229394901742,-17.028197735307014,1.7662622983907035
2001-06-11,-53.49064257603249,50.43596129661835,-15.643635377419471,1.3311371670150374
2001-06-12,-54.37651145534141,51.10939244091989,-16.976664678365022,0.5010192386629077
2001-06-13,-55.429812564927865,51.90525551479601,-17.047659059746216,-0.04517790824198076
2001-06-14,-56.27178224414438,49.84118911340539,-18.566382735959767,-1.5950106105245851
2001-06-15,-54.798754153041415,48.95835963132769,-20.010321570240627,-1.5663122127808624
2001-06-16,-54.39692633365193,47.470604996452714,-19.387258441410307,-1.952586169900576
2001-06-17,-54.49799134633694,47.78379708405787,-19.09623613552361,-1.7413452749220486
2001-06-18,-55.65142436870332,47.24430547725933,-18.886948506652615,-1.0259016392872091
2001-06-19,-55.25578972478275,47.33584416950286,-19.621104258967705,-0.6597794432494808
2001-06-20,-54.14469813883926,46.01340876203925,-19.563042617702948,-0.9933231409261423
2001-06-21,-53.30826918778183,45.0788311890875,-19.44759216746687,-1.8678693725999953
2001-06-22,-52.27640105144391,45.07623629563437,-19.974154616664606,-1.6204364210578037
2001-06-23,-52.4883484670967,45.07038769771405,-19.59254862207548,-1.366603352861036
2001-06-24,-51.92738730433797,45.840501941808945,-18.380078921166756,-2.4378924015557413
2001-06-25,-51.507142907494924,46.46159114776458,-17.810573487378413,-1.292041844703329
2001-06-26,-52.88273837683634,46.16786010134014,-18.967062258996005,-2.2894667217528686
2001-06-27,-53.28295714691359,48.2881079085172,-18.01206942256049,-2.643815133308496
2001-06-28,-52.94520707356062,48.25294031020772,-18.368312590667287,-1.092458384154699
2001-06-29,-51.08143133590874,48.392227456880775,-19.663127295851,-1.1187956264378904
2001-06-30,-49.6361576592156,49.10373867970691,-19.029322692434988,0.6976046648825194
2001-07-01,-49.034611254083835,47.380288004966985,-17.14717368152026,-0.02073603738978247
2001-07-02,-48.32307200189748,48.13636577723717,-15.503984282771096,-0.4284541755051788
2001-07-03,-48.38216584897174,49.2096409715133,-14.84884985877403,0.18247173433675895
2001-07-04,-48.338967237707195,48.25914290519935,-16.25975519467615,-0.724948344792123
2001-07-05,-48.54364827406415,49.144533794509215,-17.043165975686744,-0.3162624927536062
2001-07-06,-49.94658931739091,49.388839203383206,-17.347255262043706,0.6206031311720267
2001-07-07,-50.042640817905024,50.513586141664796,-16.8520293114439,-0.8855821953031006
2001-07-08,-49.394430563594675,50.97038195906025,-17.14351898395451,-0.9226299134962538
2001-07-09,-49.41973320496091,50.033421022357366,-18.88689421354352,-0.5958097829322557
2001-07-10,-48.40190709554205,49.18501893795792,-18.933057050404614,-1.1467624165848849
2001-07-11,-48.098582590010444,47.295325184322664,-18.961133403824896,-1.127652678948796
2001-07-12,-49.019781235477154,48.70874025657546,-18.97481829559286,-1.5061937604359037
2001-07-13,-50.30944256248491,48.65788538024189,-18.70678234209499,-3.783493661708373
2001-07-14,-51.043932420321696,46.81660375817483,-17.84540324721056,-3.5643419506639824
2001-07-15,-51.009370621017325,46.94725819477711,-18.039130546694516,-5.052740242779889
2001-07-16,-49.18290807473021,48.60760261968986,-16.44598235723248,-4.789741098328453
2001-07-17,-48.324802921802984,48.840424022648726,-15.734026519527564,-5.011484717633502
2001-07-18,-47.05251603679673,49.812720693118486,-15.813992600814034,-4.545131540774403
2001-07-19,-47.50821021090581,50.26600530608065,-15.578897014184996,-3.905789899151806
2001-07-20,-49.57405850455463,51.03365502791789,-15.13096201860814,-2.94264157828216
2001-07-21,-50.98658528744649,51.009007419192315,-15.54817233859033,-2.3320514661138056
2001-07-22,-51.57246966487333,50.71273660182002,-16.664999314737805,-2.160810082284612
2001-07-23,-53.22004434472265,49.603452673484156,-17.995356069586798,-2.6711464553978645
2001-07-24,-53.68198001562779,48.36108762805802,-18.691733871110408,-2.1349164443084145
2001-07-25,-53.14884539014907,48.85641131001497,-17.623056600827272,-2.55711022200998
2001-07-26,-51.96034649587761,48.53329893172925,-18.678932150747745,-3.2480225182528675
2001-07-27,-52.40877958956871,48.39755796230279,-18.494505194939652,-3.6789512060895175
2001-07-28,-50.9976735376001,48.09897175522576,-18.378928875971486,-3.7577410691365607
2001-07-29,-51.485268969985206,48.411420123579326,-19.6284365632727,-5.148627694232922
2001-07-30,-51.99860364781048,50.08939907810978,-19.736755023274952,-4.805819110695489
2001-07-31,-51.607574832852976,51.89766517191389,-19.392987440349376,-6.7869048368468565
2001-08-01,-53.11846863472658,52.582321245884465,-18.276377630242383,-6.964608945173671
2001-08-02,-50.816363016264205,51.44659077752296,-17.347137997228536,-7.27302413390301
2001-08-03,-50.74707592333823,50.610113866945234,-16.956199038184316,-6.105232444248909
2001-08-04,-51.680888864748134,52.00016401652151,-18.02984539648125,-5.630236679353914
2001-08-05,-52.768241935463635,52.23961197279337,-18.959489950454458,-6.582615871074283
2001-08-06,-53.72956259300781,50.20236611869297,-18.175030557234695,-8.822367975124585
2001-08-07,-54.69606286127759,49.80869255857677,-17.258390496567277,-9.804981344515022
2001-08-08,-54.36851515577305,50.464461957231364,-16.961946076137796,-10.725941316939515
2001-08-09,-53.24502395540232,49.7971632720645,-16.823745870329812,-11.025686712956098
2001-08-10,-52.74005393877694,49.1061463924682,-16.4210368110602,-10.101904615099455
2001-08-11,-52.9205825819686,49.353954266758386,-17.546051141888253,-10.889278973828054
2001-08-12,-52.39927313789828,50.33706678743107,-17.833193649906708,-12.792643254430397
2001-08-13,-52.151370781380805,50.711229623799824,-17.443117070606544,-12.5598937023198
2001-08-14,-51.00612961004221,51.3205173438147,-17.11379472254924,-11.813087422408802
2001-08-15,-51.659066633154914,53.278597779522585,-17.585008541976375,-13.827923157241171
2001-08-16,-50.80708380906524,54.2697999705436,-17.46354550802999,-13.666183289700406
2001-08-17,-52.31985031803054,52.06014263293462,-16.76397984777272,-13.070781203465366
2001-08-18,-51.5541590283139,51.50955563345836,-17.972433570193918,-13.555345180808402
2001-08-19,-50.96404100548452,51.338001026160256,-19.732371334434912,-12.775112989607013
2001-08-20,-50.002416023433454,50.86164680449048,-20.945531207019414,-12.409980345125476
2001-08-21,-49.0710863551511,50.19847167825864,-20.146839010194633,-11.762228175943823
2001-08-22,-48.882090517419016,47.25251666658422,-20.05374851979281,-11.464354854196262
2001-08-23,-46.865542796437296,47.21063915912267,-20.333075407918418,-9.592965515618147
2001-08-24,-47.15914071565539,46.25721716027778,-21.55583218676414,-10.535772197992925
2001-08-25,-47.49004055125939,46.44438652907186,-21.34455905796107,-10.374615507085776
2001-08-26,-48.400086219099286,46.9105142393631,-21.588840715330246,-10.592759395727187
2001-08-27,-48.65742625851442,45.88632076701017,-21.238335729618786,-12.117254490335316
2001-08-28,-48.86307850317515,45.9439739207366,-21.287946231765634,-10.76767025235144
2001-08-29,-48.06442167128013,43.825062159052784,-20.796831792135226,-9.554001458591086
2001-08-30,-46.46068694446376,45.09635203943598,-22.091409288039497,-9.920903562879767
2001-08-31,-48.671711668952376,43.727027202749625,-20.959393185116994,-10.696750943605911
2001-09-01,-49.384861290050885,43.56075172226841,-19.757350161432807,-11.34697308803614
2001-09-02,-49.77581661568857,43.57729278451397,-20.375628904499823,-9.069050831946946
2001-09-03,-47.62674691940182,43.67569288307523,-20.939051241442794,-8.9154875762404
2001-09-04,-47.61750830674257,43.82355441204245,-20.39313562692291,-8.164740081540744
2001-09-05,-46.76192038093644,45.051573592967756,-19.969674852177917,-8.823833335148644
2001-09-06,-46.85544740959076,44.12724575641125,-20.5927737780119,-7.753112081991111
2001-09-07,-48.294737973931305,43.94198509109753,-19.408785757559528,-8.864958854792771
2001-09-08,-47.1393748994056,43.1934245478229,-20.915946540722786,-9.588468574555199
2001-09-09,-46.49097208479183,44.151111825168144,-20.839734796482183,-8.887405638910753
2001-09-10,-46.24127098797782,44.53933814174221,-21.44045027462484,-12.130940062101901
2001-09-11,-46.08391161110147,44.63068896213044,-24.22137167778851,-13.016186792524655
2001-09-12,-45.79741935825293,45.19738786603234,-23.32446379007386,-12.671954094181093
2001-09-13,-44.26023711060278,46.34627486922757,-24.601763738614366,-12.341975779541983
2001-09-14,-43.823386753950146,45.84635928751995,-25.91080130221293,-13.009493757508723
2001-09-15,-43.66021721309487,46.76664002345648,-27.131686572619948,-12.207126201100014
2001-09-16,-45.676147542466055,47.732387160677405,-26.32408437350305,-11.497182058150399
2001-09-17,-46.07466897408686,47.16044302754938,-25.903870990191464,-11.117848583530732
2001-09-18,-44.95291296862953,48.16237578016375,-26.54971631346888,-12.949378946579266
2001-09-19,-44.166959145941036,46.56033173605571,-26.764286390802635,-15.004407271837781
2001-09-20,-44.84996815212011,46.276944504748364,-29.170455865896045,-13.827362085201404
2001-09-21,-43.77329701062033,44.814867454391134,-30.140928132286206,-13.241754508466808
2001-09-22,-44.01470022230678,45.51941865948802,-30.553760262865776,-13.089563212086816
2001-09-23,-43.16960945261728,45.75300136959241,-29.434167412134517,-12.69101147391217
2001-09-24,-44.222767695466054,45.989946059810805,-29.897302475759258,-12.327607286391173
2001-09-25,-45.30302179496986,45.42302353384327,-30.470165456201254,-12.793621943349013
2001-09-26,-44.82577201689487,44.71551210264155,-30.7822974126589,-15.519949961254305
2001-09-27,-45.24595083074519,43.8136902679433,-32.177926190339456,-13.997453651066797
2001-09-28,-45.13950355322712,43.427701950489215,-32.78545741390262,-13.789980775834316
2001-09-29,-46.028126367688905,43.147349012868546,-32.12760689103272,-13.925537229625405
2001-09-30,-46.66760622970354,43.80956236857762,-32.30601235284936,-12.799614425533157
2001-10-01,-47.571411110852814,43.38232135910623,-31.653621918212313,-14.98724844084338
2001-10-02,-47.29253917307125,44.48142469845456,-32.57225479250713,-14.726844577230667
2001-10-03,-46.18908899051189,44.730431944775674,-32.49898354376497,-14.517066549844648
2001-10-04,-47.43632653879237,45.12083006503734,-32.215905248186345,-15.6057386385432
2001-10-05,-48.03315539057776,48.35061175046301,-31.181075193409274,-16.561262547491992
2001-10-06,-46.76902538217462,48.439191273150236,-30.97510113854325,-15.883198865339313
2001-10-07,-45.084240462204534,47.97363866884627,-31.172337935317586,-15.576062357126162
2001-10-08,-45.24634331246919,48.17237042266897,-30.998555327478027,-15.586153444440972
2001-10-09,-44.25636181651439,47.07519233898805,-31.476923045319722,-14.539422559354822
2001-10-10,-44.039263085764496,45.90694901883706,-33.27635591106571,-15.544426956706605
2001-10-11,-45.40056342493915,45.227692920115395,-33.44082721848665,-17.191571243376437
2001-10-12,-45.96498590562734,45.420661884529665,-32.85985557615737,-16.597228793098335
2001-10-13,-45.269807554505164,46.35144665963582,-33.962897789337624,-17.45122790282966
2001-10-14,-46.94484465186934,47.37389234091598,-34.755471320412795,-17.703578674618065
2001-10-15,-46.32399955555905,46.84046578651839,-33.565099302255206,-16.944183621220073
2001-10-16,-44.63891571623468,45.77144121678702,-33.775767818948346,-16.22683462055496
2001-10-17,-45.96434195397636,46.241161242119574,-34.22432837442717,-16.220516217291323
2001-10-18,-45.824176183284095,45.55370914395894,-33.99048925922276,-17.399471646206464
2001-10-19,-46.07405242287595,46.732826902386975,-34.035849766744434,-16.438269617569947
2001-10-20,-46.94331208165984,47.307004512758645,-32.992483088658325,-17.50676891379669
2001-10-21,-48.02264727120148,45.104367765859585,-32.78222859751034,-16.327573060245197
2001-10-22,-48.81649024826101,45.42259942979049,-30.946701222214976,-15.205531369859157
2001-10-23,-49.43704535366821,46.69431893767496,-30.2270815617359,-14.20806260581352
2001-10-24,-49.6666246736603,46.87446694356402,-30.76622947404386,-15.634303001810055
2001-10-25,-47.67604873818404,46.59716531724016,-31.391398399617508,-16.628406149997026
2001-10-26,-47.597944121297274,47.03437540960465,-31.863192109040277,-14.744391459927234
2001-10-27,-48.837082065381644,46.76893768108166,-31.644601672022972,-14.939601803905584
2001-10-28,-49.71899094460818,46.83046012780046,-29.979780490997562,-13.791991045045998
2001-10-29,-49.507108279672174,47.389092141483545,-30.97358897706375,-12.090360157187924
2001-10-30,-51.23035037522059,47.84498167082645,-28.988391451574632,-12.113893672704862
2001-10-31,-50.667790751435746,47.520688074014295,-29.593645222558404,-13.591000008477563
2001-11-01,-51.724551794822254,46.607213153340965,-29.7352114011344,-16.23338568399801
2001-11-02,-50.35500695158666,45.95531291530452,-29.30652459737081,-16.638223927598403
2001-11-03,-51.60468761422071,47.26515635580225,-28.978662653579732,-15.275750883585955
2001-11-04,-51.93095132380644,46.17029613180132,-28.253693645106047,-15.067465364250435
2001-11-05,-54.48655179370049,45.77243377440431,-27.846377110479438,-14.843361188940444
2001-11-06,-54.27846106503268,47.1308182041115,-25.376414902786568,-13.999926042830648
2001-11-07,-54.495210640843,45.91025748285271,-23.72575458642364,-14.919950624659974
2001-11-08,-53.496062081957994,46.45490553120776,-24.221827002034953,-15.364212960980838
2001-11-09,-56.06392247783617,46.08222860840354,-22.87560954270633,-13.022136904422284
2001-11-10,-56.27776373023173,46.38346773991877,-23.78733566346733,-12.504915506895383
2001-11-11,-56.761950962032074,46.25233374249726,-23.90218795295705,-12.414599474643232
2001-11-12,-57.96734288603682,47.47860704103982,-23.4475671500974,-12.64186658404235
2001-11-13,-59.16101362118663,47.728061656571676,-23.29281931808408,-11.625830559436611
2001-11-14,-58.96379641132706,46.203365674181335,-21.454455222648544,-10.976170587103441
2001-11-15,-58.85753035061389,47.52427235215746,-22.116272917761318,-11.043095115902856
2001-11-16,-57.40513005404207,48.1192184646187,-21.97555486546763,-10.78023618461434
2001-11-17,-55.97897610389815,46.71853033480559,-22.1752193521838,-10.343685913071523
2001-11-18,-54.98884947079441,46.60221943679674,-21.86832652532499,-10.489331499112321
2001-11-19,-55.28376890097976,48.14295877207477,-21.98607547675282,-10.451921423855099
2001-11-20,-54.62339423586958,47.030634347581454,-23.574181590311873,-10.606595213717657
2001-11-21,-54.1566124196938,47.3891471455662,-23.718095711761897,-10.064710174475907
2001-11-22,-54.67229733030041,45.79839914748529,-23.95608856097817,-10.094221978910943
2001-11-23,-53.96368359597876,45.99640647837009,-22.33308600759699,-11.282349642957454
2001-11-24,-54.838222119393166,45.72452062736455,-20.733793269255376,-11.314111061552726
2001-11-25,-54.59810451038886,47.16588115672825,-21.623294179475174,-11.07310834652123
2001-11-26,-55.50262023610231,49.64495509580277,-21.0248782332912,-9.76700456218236
2001-11-27,-55.99461627123572,48.91217670974968,-21.4230545916718,-9.867788074567164
2001-11-28,-56.781317503075734,49.02110985558422,-21.939715039966313,-11.438273917955716
2001-11-29,-54.99641051197254,48.04390199458041,-22.758549298152285,-12.520034538802948
2001-11-30,-54.51302467852315,47.829221242390936,-20.916533320320394,-13.252461248060618
2001-12-01,-53.61735561200504,47.91322286799721,-18.733089477874408,-15.452640768282391
2001-12-02,-53.30846825156782,48.355785626607165,-18.548454240032783,-15.21180663639299
2001-12-03,-54.27493486912976,47.09861875317307,-18.600491306153263,-14.36207847814045
2001-12-04,-52.56532211058081,48.40765167942371,-17.884460581689773,-14.375495631329132
2001-12-05,-52.73149662858484,49.409374069431564,-17.263156261246976,-13.641314755307054
2001-12-06,-53.933894368361116,48.87229842854335,-17.34022323476379,-13.599357370335763
2001-12-07,-54.750621682870836,48.65673302299841,-17.22082704333047,-12.406372981083745
2001-12-08,-55.8729233776664,47.20510519003989,-16.331498756554502,-12.8567510364261
2001-12-09,-55.77620898663487,46.82909266291657,-16.278489156798862,-12.482354360394435
2001-12-10,-55.723572566084144,47.350230425078216,-16.68586028758696,-13.269160381977429
2001-12-11,-56.055506808209635,48.82789251237678,-18.305893367277754,-14.959748027962764
2001-12-12,-55.56015150966178,48.611417456830324,-19.41598776712681,-13.787073506835961
2001-12-13,-55.19354482730161,48.30256999391971,-20.75368439536387,-13.468600811981277
2001-12-14,-58.14370782839435,49.23989612212544,-21.902535885140416,-11.921564897982556
2001-12-15,-57.57028476590405,50.429017732289594,-21.00843910029354,-11.40090031641942
2001-12-16,-59.42945112369402,49.30391835503166,-21.426865149089938,-12.094265833771606
2001-12-17,-59.618720470289176,50.252327369418666,-21.059611849512294,-12.446405880107676
2001-12-18,-59.51418306953052,51.34750273195146,-23.314507867227505,-11.924302020389716
2001-12-19,-60.73310774170747,50.05708484375089,-22.633971201462764,-11.411363592160432
2001-12-20,-60.82315340300377,49.518854970636546,-22.17422054654188,-11.521201462060048
2001-12-21,-60.441120882957684,50.766414623336004,-21.24340395338142,-13.114698234921264
2001-12-22,-61.69090061911184,50.370349273708136,-22.06629665186953,-13.619193121239043
2001-12-23,-60.61065460731105,50.78003910843354,-21.560921734296542,-13.213530831817325
2001-12-24,-58.95639019699198,48.69576180317689,-20.729337422338862,-14.18400752682638
2001-12-25,-58.1913757234346,49.10465222458361,-19.363947887990513,-14.100386819015648
2001-12-26,-56.63090233976714,49.117650546783544,-20.88857036583635,-13.093863126603008
2001-12-27,-55.18772452346063,50.05467241455964,-20.171809124622317,-12.70995948008114
2001-12-28,-55.59889147480148,50.073181259293264,-20.85983396935367,-10.583633776345433
2001-12-29,-55.10981862039561,48.87512429930198,-18.86362617069625,-11.288687287499226
2001-12-30,-55.17266970889244,49.43566878614378,-18.51897580833048,-10.689210295552304
2001-12-31,-54.68998996222906,49.10756056967367,-18.417892741891823,-9.855106911093248
2002-01-01,-54.49342452186898,49.76299316464869,-17.528149948078624,-10.663385005155646
2002-01-02,-54.57861153681678,48.40818902104167,-16.222145240431225,-11.242834659133282
2002-01-03,-53.160535367658255,48.141257263924004,-17.01867826509809,-12.032244258183686
2002-01-04,-52.2048781460348,48.51139494116513,-18.330776674512368,-10.137005098680849
2002-01-05,-53.42261680469838,48.589896757623215,-18.776990265690536,-9.495892910461299
2002-01-06,-54.53099290744968,48.033744983432115,-17.691415060743466,-11.016985137302367
2002-01-07,-55.10410415444123,47.901615053285575,-17.83453520092643,-11.514504314368853
2002-01-08,-56.28175389020442,47.78272187349828,-17.402218140794417,-11.062556212986935
2002-01-09,-58.14020856510618,49.26495989924589,-15.841287020392858,-12.361185587140604
2002-01-10,-58.009732686631,49.68783233963714,-16.335809867227322,-13.199033973300692
2002-01-11,-57.267104698394704,49.840912962626746,-17.83605653323176,-13.625919070054373
2002-01-12,-56.44324080019663,48.89783376721842,-16.64174252785227,-12.59611859892064
2002-01-13,-56.098402546082426,50.92863954433385,-17.619862878046995,-11.437015942026658
2002-01-14,-54.89568409059133,51.32978523980984,-16.211731616460504,-13.683096398324581
2002-01-15,-54.77205604901632,52.7579209356221,-13.823518191148436,-14.233455952552196
2002-01-16,-55.01163640383751,52.94946468648436,-13.727889221557469,-14.858378171603118
2002-01-17,-54.38017224703983,53.95421822740656,-13.408378538977141,-14.413860842716359
2002-01-18,-54.643630834873626,55.648170767471754,-13.368812925735561,-14.768077985045064
2002-01-19,-54.98838449634473,57.31384542343534,-12.22558120965541,-15.492705639271126
2002-01-20,-54.79913844431796,58.147542196681044,-13.32082723120711,-16.07839435063195
2002-01-21,-56.24040944223271,58.58751971129719,-12.53787320784662,-15.59368120256037
2002-01-22,-55.69551358668228,57.08979399940868,-13.263949428344564,-15.818376821806138
2002-01-23,-55.585578075975555,57.12632385552792,-13.474654283274141,-14.780940365663138
2002-01-24,-55.627966834405036,57.965077667973766,-14.73121536597357,-13.859192443621179
2002-01-25,-55.90290373373795,57.04125929629022,-15.066999580325758,-12.982770031926156
2002-01-26,-56.67481145575553,58.25013735670792,-14.627822834762062,-13.33106467627031
2002-01-27,-58.42719029570759,56.99423205622829,-13.23058952781613,-13.910005563667118
2002-01-28,-57.0840113510549,56.0747811632764,-10.969188737707803,-13.73228986604097
2002-01-29,-56.884454741852046,57.193385239436495,-10.007976262555525,-14.679625614519693
2002-01-30,-56.60159799779738,57.78540788213178,-9.808085640419323,-14.775993245244717
2002-01-31,-56.03954875785768,57.68428923680379,-9.564477207571574,-13.765038523803147
2002-02-01,-57.057962433813685,58.442290854234635,-10.050954796640442,-15.73090990325866
2002-02-02,-56.57597498978576,59.2396485722815,-9.889407915370741,-14.764212473045111
2002-02-03,-54.80429932012112,60.375309984972645,-11.061193672878167,-16.826167113853494
2002-02-04,-53.246287785785405,59.520195449766554,-11.106087549888217,-18.482353654310998
2002-02-05,-54.951203912637546,59.49310673411353,-10.750224425047875,-17.03990904930759
2002-02-06,-54.885588133104875,59.84961697146715,-8.849914470594832,-18.60690430046091
2002-02-07,-54.112146984956716,57.574524292841375,-10.122014673289792,-19.3634662498176
2002-02-08,-54.52550049885967,59.0975160593409,-11.646000171700312,-20.715332993061708
2002-02-09,-54.73031088817517,59.80184885289257,-12.115360281956566,-21.50372827995552
2002-02-10,-53.96091522826445,60.303576056230206,-12.596115695017522,-20.504525863455232
2002-02-11,-52.75273392749882,59.90731578077566,-12.681737638395731,-19.79404021649276
2002-02-12,-52.77267446481424,59.67103521203614,-13.456853964410936,-20.539462598076494
2002-02-13,-53.66238009189439,60.293108535227006,-13.631658276117589,-20.485682191186434
2002-02-14,-53.122861887345806,60.70873906620936,-13.902893894810026,-22.455759232998773
2002-02-15,-53.8752575943337,59.354369851460746,-13.301595474587655,-23.082883638300107
2002-02-16,-53.72527901078158,60.835730195978066,-12.557870133150661,-23.29120766281456
2002-02-17,-53.76629537944993,58.1715163923691,-14.267132066700734,-22.966011057234564
2002-02-18,-53.849498921980896,58.99521269234884,-15.475603032854346,-23.108687385017955
2002-02-19,-53.210120285576714,59.37957978435598,-14.27319860666751,-22.095721228805218
2002-02-20,-52.681425385746785,58.34209291595862,-12.810098254896582,-21.369053298810428
2002-02-21,-53.28107233928151,56.38001710746105,-14.056694666243558,-19.75481886598623
2002-02-22,-52.53820408954471,56.09707601940187,-13.738862139877126,-18.522318907158898
2002-02-23,-52.14654479365769,57.92585244597162,-12.9973706227421,-16.58073947325047
2002-02-24,-52.118123195869984,59.24290225506894,-10.627609933815886,-14.751870264537137
2002-02-25,-52.83815666841978,60.74920709265783,-10.018444957557504,-15.305096005995699
2002-02-26,-52.99496586479461,61.25411613183013,-9.08935129391285,-14.555625035265148
2002-02-27,-53.96675008856312,60.82470983127781,-9.163045804817475,-13.818634722271772
2002-02-28,-53.424236256054144,59.78145872369415,-9.051767682123725,-13.33917680433053
2002-03-01,-53.33078703298649,59.237886042468965,-8.488859155350783,-10.362206313373662
2002-03-02,-53.43732327362105,62.35204057800165,-8.053949203578709,-9.84129707179985
2002-03-03,-54.59596597599541,62.19953410288569,-7.605590201977917,-8.816062415848826
2002-03-04,-54.54186000129019,61.81036488791634,-7.137901753841135,-9.06334959284651
2002-03-05,-55.43900253970087,62.09213480421447,-6.3111142193572105,-7.527264225284223
2002-03-06,-55.122521470725935,62.942404882561036,-4.995232316720434,-6.703645258901426
2002-03-07,-54.16725043831151,61.98287016213065,-6.234893184539494,-7.292571380764574
2002-03-08,-54.31961187560134,59.19203085528207,-7.835082370415559,-6.3252908075774625
2002-03-09,-54.4416107163083,60.41126849361824,-8.73252878028159,-7.852701200793597
2002-03-10,-53.88460720059393,60.81752068061633,-8.819295309384792,-7.739771563200801
2002-03-11,-55.13705245133355,60.55050150286426,-7.887115235986811,-7.4036182668720825
2002-03-12,-56.82634295296945,60.656673147202966,-8.180409724697023,-6.2275390900778165
2002-03-13,-56.980654649291516,58.99719141262497,-7.41657339540909,-5.466840317643475
2002-03-14,-56.19769664335598,58.1085891877396,-6.0137364265139786,-5.729005080824209
2002-03-15,-57.906684313055855,60.63497119476046,-7.19664109579063,-6.804619175180868
2002-03-16,-57.42348826637615,61.27434011203377,-7.260761265891563,-8.293249648202767
2002-03-17,-57.32963510608145,62.98884019619298,-8.2491739856654,-7.989313443830616
2002-03-18,-57.664582766678926,64.22338985694854,-9.275451694989643,-7.631058475942317
2002-03-19,-58.298135726623606,65.26876993158436,-9.289437138769648,-8.612198984724909
2002-03-20,-57.63690984767666,66.69451744061254,-10.299517775893094,-8.322517019712018
2002-03-21,-58.27291746117117,65.65995625377899,-9.38696251952919,-9.622259617100495
2002-03-22,-57.98096191001324,65.12483233942046,-8.16205562827095,-8.799414083612293
2002-03-23,-56.87169942330252,65.09885280875659,-8.68478690114879,-9.626844087424299
2002-03-24,-55.51546387882103,66.89971543730232,-8.901083958020312,-10.102707682029811
2002-03-25,-56.96304616617507,66.09399409767457,-10.500889493501973,-9.487590339672682
2002-03-26,-58.8092844173007,66.88252277537578,-12.03307303674074,-7.876341532563192
2002-03-27,-57.30172729251514,66.92373882679358,-11.919474819624025,-7.033680571743497
2002-03-28,-57.49268009826323,65.62995268253249,-11.993501215209795,-6.356129877036945
2002-03-29,-59.08028263147282,66.70681315104373,-11.81746769070295,-6.49491885173032
2002-03-30,-59.82628297945975,66.87092136264656,-11.503762066174815,-4.933914206414455
2002-03-31,-58.52976670870394,67.05650514868847,-11.64617561987266,-4.6252485495245
2002-04-01,-59.03888432191324,67.33111661431435,-12.722235119421835,-7.172935796534574
2002-04-02,-60.67146223834243,66.7673260833018,-13.946213041120563,-7.007794322899653
2002-04-03,-60.737395405760786,67.53658804106736,-15.942791457505523,-4.277702364683181
2002-04-04,-60.480631901602415,67.46855823976114,-16.39029391995537,-4.476099811415407
2002-04-05,-60.31987600846626,65.65660214743686,-16.62095951692361,-2.6861588168982355
2002-04-06,-60.98642724751172,65.84079887205785,-16.34842264203459,-3.8104299832948243
2002-04-07,-62.10124884117622,66.24704408611153,-17.946061838475863,-2.8214737227721796
2002-04-08,-63.05687646634114,66.12549966339625,-17.567846248962397,-1.3514586404478275
2002-04-09,-62.88449347139352,65.04325388087561,-18.635344016886652,-1.3659431769964847
2002-04-10,-62.860550860378034,63.49286273132434,-18.645864067084613,0.3930782726220463
2002-04-11,-64.09176416273807,62.471661485636545,-18.736500182528562,-0.9845864642725966
2002-04-12,-67.35803582994889,62.74864255747361,-20.320127783708024,-1.3103614462314672
2002-04-13,-66.82915069029988,61.73127056498792,-20.241414008794262,-2.570381195809898
2002-04-14,-65.85118208425757,61.3583336675048,-21.181328520685884,-1.1007248015087645
2002-04-15,-66.60458709755483,61.62956608800785,-20.188049012528243,-1.6282260478623973
2002-04-16,-65.6570713828199,64.68415582690525,-19.178771231781532,-1.1019444432526753
2002-04-17,-65.74647678697278,64.74908102312895,-19.19165840214854,-0.5908204114181099
2002-04-18,-66.97666124249638,63.826219320333,-19.50231757279515,-0.9557080839480421
2002-04-19,-64.95987223431595,65.15885922239246,-18.50855334265049,0.1856232626109866
2002-04-20,-64.09736850822311,64.1179438240431,-16.83401084130139,-1.908654964990758
2002-04-21,-65.62943089218763,62.86071721802906,-17.54229265432845,-0.5681320747655738
2002-04-22,-65.20838922306059,62.566560674706956,-16.78954667959267,-1.0839889549122592
2002-04-23,-66.95769796953981,63.82697150523467,-16.16272670847958,-2.531927326184511
2002-04-24,-65.17007771543649,63.35321488847184,-16.815393825912487,-3.6411781371647347
2002-04-25,-65.944457492046,62.96354870958888,-18.00453924081829,-2.8357358891255027
2002-04-26,-67.18062210379034,62.3051944736989,-18.13210629926855,-2.2952763625894255
2002-04-27,-67.71350997999959,61.345703421825206,-19.26839592268636,-3.2633257232508583
2002-04-28,-67.71194709583713,61.55296824640149,-18.152112321542916,-2.057323090977348
2002-04-29,-67.99483794005424,60.82308087077099,-16.792711786275373,-1.3674872657845119
2002-04-30,-69.30025911912406,60.82840571196393,-19.186239140502607,-3.4614849193832833
2002-05-01,-69.98296845491909,59.07643458717119,-18.963538918773015,-5.118242763693236
2002-05-02,-71.0807737527797,59.55234658706875,-19.80456135372766,-2.8285320903757927
2002-05-03,-71.35380515093136,59.2641612521922,-20.962642475462133,-3.6165330466025187
2002-05-04,-72.23528098939433,60.00014947431475,-22.350318515283224,-4.177146693350611
2002-05-05,-72.38367097173956,60.65731338935414,-20.476992840393212,-2.8143248509210648
2002-05-06,-73.18091310937393,60.82707006446338,-20.785015950709557,-3.9222467011107476
2002-05-07,-72.76891477540481,59.18741835478053,-22.385893868996792,-3.681923880883812
2002-05-08,-70.63112393741477,58.71861001314166,-21.650070391259764,-5.34685011440583
2002-05-09,-70.38510152104786,57.57979582356027,-20.68901379437872,-4.659209460881715
2002-05-10,-71.90238390256796,58.15641897771193,-20.59268514983963,-6.282489457080931
2002-05-11,-72.97987354887512,56.99923556383417,-21.94563007051994,-5.301177729585821
2002-05-12,-73.83331353740488,56.59624161018425,-22.322437618341375,-5.6396516871296365
2002-05-13,-73.27438204820643,55.61628006527172,-20.764549656266844,-5.486815381121156
2002-05-14,-72.41829134412991,55.110995678657076,-22.27524897696728,-7.244459519859431
2002-05-15,-71.93729273238289,54.45809318223554,-24.12420048144579,-7.0833853280322385
2002-05-16,-71.60429441251644,52.039442738056735,-23.04687764120387,-6.448006317724371
2002-05-17,-73.30321589634228,52.489086568338365,-21.58437875939066,-5.4982025463396305
2002-05-18,-73.21126438576829,53.62216661670452,-20.721976607800162,-5.632423686856935
2002-05-19,-72.66245430822997,55.07989179064691,-19.50146974449831,-7.746040832659458
2002-05-20,-71.36422589831399,55.99476749491055,-20.55981477035234,-6.64009969193556
2002-05-21,-70.93457371534267,55.355568300875994,-24.63564409204676,-6.837606502333753
2002-05-22,-70.90812416775638,56.33174052305212,-25.680948425493682,-6.187860310725202
2002-05-23,-70.87092126055634,55.270981079561,-26.87741102038903,-6.393446915607795
2002-05-24,-71.45321975185755,56.57864509981025,-26.551905975141818,-6.628240081537561
2002-05-25,-70.86565989264,56.524464226365126,-28.045491763291224,-5.802948238320914
2002-05-26,-71.83972394976028,56.95002736406239,-27.129880639266887,-5.7034687711314485
2002-05-27,-72.24645235959228,58.789560389413985,-27.151053240019777,-4.559501325021152
2002-05-28,-71.40264770290277,59.01124753245258,-27.729402497909476,-4.491112181252144
2002-05-29,-70.33935072445038,60.42999393281387,-26.847343567607822,-5.28698985932982
2002-05-30,-70.69596355696875,60.03546182319744,-26.41507395170473,-5.421016359051945
2002-05-31,-69.04667730617224,59.65089833213825,-24.9986331896688,-6.0775864438447815
2002-06-01,-70.52089823002838,59.975276564716836,-24.06116592938082,-5.414106222137315
2002-06-02,-69.53184497263119,58.713710776303365,-23.704142415778392,-4.791384293331007
2002-06-03,-70.23848547338649,58.76834298184058,-23.429047154865486,-2.571417507766384
2002-06-04,-70.3165492714165,59.387999097453395,-22.928680308514988,-2.9484572006381047
2002-06-05,-72.25900814317441,59.001992002989496,-22.055451133381677,-3.3060597724719774
2002-06-06,-72.11491977615373,60.0166036434324,-21.197372158681834,-4.2493591508844055
2002-06-07,-71.80174647244486,60.51043793919095,-18.31811732039207,-3.515080349111129
2002-06-08,-72.81144306886868,60.48310026692089,-19.011596837236304,-1.7787436364484979
2002-06-09,-72.85323490535899,60.09443475032838,-20.221526975577742,-1.7463879754369103
2002-06-10,-73.95599104958289,59.852061250882684,-21.09788258378574,-2.4104705297530646
2002-06-11,-72.78202058125618,60.10006492121461,-18.896077141570455,-2.329912184898481
2002-06-12,-73.21752699803118,59.88987621611283,-18.431133613972676,-1.1677689703719103
2002-06-13,-72.77804434187323,59.513435589756135,-17.55744163451858,-0.2583860785720641
2002-06-14,-73.12599691940157,61.38172665898687,-17.250221343640405,-1.5936407869444684
2002-06-15,-75.39414366252718,60.71800252726618,-18.674225787893086,-1.7659845993342835
2002-06-16,-77.17793547326512,60.402004190869235,-19.164622479452806,-0.19240075363121734
2002-06-17,-76.81747589073025,60.326757135298855,-19.711479672747007,-0.352849301224234
2002-06-18,-77.51937717320152,58.74401301108361,-19.97290526907702,1.8415714516394508
2002-06-19,-78.869299557757,58.42321929602561,-19.303795131311983,3.249299890952156
2002-06-20,-78.25353061872254,57.4085654345842,-17.92441539583708,2.59572459642603
2002-06-21,-76.97439699834722,56.99400295246406,-18.26064769131516,2.9974358305162294
2002-06-22,-76.30019720630891,56.986413441731116,-17.877595324302952,3.2825489362559557
2002-06-23,-76.48393359137978,57.77554142786667,-19.053674032392845,2.0835083166877406
2002-06-24,-78.01152684143847,58.31064085567174,-19.158845462176334,-0.2085559606965286
2002-06-25,-78.16230861612937,58.26502015442958,-19.99131190178218,0.06210899036039347
2002-06-26,-78.35838587996614,59.23280017254709,-18.60693499238735,0.7519780613878351
2002-06-27,-78.24847735279745,58.382634307114614,-19.205945999591037,1.5857922928560964
2002-06-28,-77.0340267927267,58.16982186100808,-20.755752904795955,1.2138544740355752
2002-06-29,-76.16758565654405,58.84350771509046,-22.92383877320561,1.8090615792748315
2002-06-30,-76.91836745200933,58.42765908529995,-22.448545808109323,1.1042139120128733
2002-07-01,-75.74262260567892,57.499507794223454,-22.189790644651566,1.3496773331426812
2002-07-02,-75.26253746495043,56.19184757042505,-22.80744636815814,1.704836835383545
2002-07-03,-75.31738138630593,56.87637859737236,-24.2193779937555,2.085237449181813
2002-07-04,-75.1683992843316,57.3135134706251,-24.719754091505273,2.329357790412342
2002-07-05,-75.19562376424224,56.10115129506815,-23.089429855614956,1.3649339051913372
2002-07-06,-75.06538854475635,57.1294330636463,-23.730742157689072,1.052790141403514
2002-07-07,-75.09226355235099,57.315912469145985,-25.117795812536848,0.747096989522017
2002-07-08,-75.1740683462874,55.1773397014251,-25.362803109405977,-0.9547959029325832
2002-07-09,-75.93475285196823,54.43900077076525,-23.39449226675482,-0.38232605651902496
2002-07-10,-74.17937303812278,54.642787189161936,-21.950278313837458,1.0071555177334217
2002-07-11,-73.91493442235934,55.33924102512654,-22.0235947085741,1.4624853197497596
2002-07-12,-73.71855895889347,55.59183415702689,-21.330337125134882,-0.7092640945676685
2002-07-13,-76.21824330147494,55.12527014217171,-20.670221458355734,-1.1757609831782512
2002-07-14,-76.94945356644463,54.92497342947849,-21.5238023614533,-1.8209754471566844
2002-07-15,-77.05005658769252,54.88676317751079,-20.419108833961396,-0.5624201695727817
2002-07-16,-76.58945596234474,54.60397958581667,-19.87771676860963,-0.5142773350861887
2002-07-17,-75.84346429675526,53.28745181735244,-19.48380525612118,-1.1929412267488506
2002-07-18,-76.9727639118734,52.14411943618653,-21.14576724263176,-1.2234224702006489
2002-07-19,-76.0158425376767,53.43714586239598,-22.016626011964412,-1.0478016145271665
2002-07-20,-74.26320843584374,53.17693961500387,-21.362118611395772,-1.8905067990826556
2002-07-21,-72.73304959775417,53.11630791733833,-20.76316751412921,0.5496815340867742
2002-07-22,-71.89263989146647,52.565239118519344,-17.546948830938913,0.1381884731521572
2002-07-23,-74.02669454620086,51.5610332926893,-18.431652681524717,0.28870014975434866
2002-07-24,-74.09241812310643,52.505089822573964,-18.400020103891777,0.6939286816407622
2002-07-25,-73.34668003257356,51.42979575172447,-18.544668766127828,2.0961230811424825
2002-07-26,-72.97302743604482,50.21720636142308,-18.332136953096843,2.317581225455446
2002-07-27,-72.0216039742692,48.653416046831175,-18.470347279198723,2.827036854872545
2002-07-28,-72.15041482581724,50.07756514892708,-19.745911859344282,2.562050438629669
2002-07-29,-72.94157534827004,50.20768572569234,-20.472106548445772,3.6864064952142783
2002-07-30,-72.52222913614462,50.40650637543132,-22.629722017363054,2.1216208185007313
2002-07-31,-70.61843120707684,52.51825737035316,-23.591668007908225,2.3282510396170406
2002-08-01,-70.88484865072097,53.320986616129694,-23.130820509949068,3.147161094210463
2002-08-02,-70.30663380351902,53.42140867486947,-22.114090521761838,1.7626023246689297
2002-08-03,-70.8217584771989,53.08672708036829,-22.32356288928171,2.1669419208402605
2002-08-04,-70.98032832275447,52.631991636540434,-23.00033414561096,2.6797322346282266
2002-08-05,-71.89883321960308,53.39919050084767,-22.08500205449371,2.1308164158869296
2002-08-06,-73.55377381382905,53.264465274388705,-22.585704121504246,3.235499313911275
2002-08-07,-73.99974853272624,54.63055922474613,-21.843608570343065,3.606634163590563
2002-08-08,-74.25023053745838,53.07017838217002,-21.656918924701557,4.056880687304697
2002-08-09,-72.54322787712272,53.89995971316062,-21.272531403280894,4.348997616459384
2002-08-10,-71.89608402765779,52.770949604907116,-20.57247287141274,4.089431382283176
2002-08-11,-72.10393947243276,50.59970553764374,-19.560732041071304,4.880808450292198
2002-08-12,-72.4415590196805,50.801363733740615,-19.462691311440672,7.322140030960205
2002-08-13,-73.54013492500412,52.3167489532795,-19.953168551481387,8.427809437104699
2002-08-14,-73.47650001240771,53.2362579835678,-20.80021740527668,9.853854670815258
2002-08-15,-72.45311558892581,52.339776420956596,-22.042371554177134,8.903901341417548
2002-08-16,-73.35302325707245,51.61568559063809,-22.53343236967192,8.39267751391761
2002-08-17,-72.81065979151975,50.104692153287154,-24.736925379265397,7.387502647108091
2002-08-18,-72.73171829684608,52.23350636837031,-23.67842510862961,7.639820823003257
2002-08-19,-72.73817940267783,53.32959618469178,-21.931762841249423,8.296776338692943
2002-08-20,-74.01973047094363,53.03602011681117,-21.72874025620253,7.674020255172017
2002-08-21,-74.25245872452261,50.27489688779593,-21.74903900192941,7.310303583901408
2002-08-22,-75.90335378775076,51.589938010331274,-22.657286404988792,6.542420766339158
2002-08-23,-75.81976873199662,51.33695170946964,-21.824739542047872,5.482938783928413
2002-08-24,-75.39939776096988,49.52257310494234,-20.24607564993009,6.88036955146097
2002-08-25,-75.45613344906816,50.769784462149566,-21.49525221206604,5.84131202492819
2002-08-26,-74.82615049328366,50.8106884225615,-21.210856426702076,5.497560079701243
2002-08-27,-74.38567174535105,49.91913672468686,-20.822968908743864,5.027602046822503
2002-08-28,-72.99490001578012,48.72197413088214,-20.134440416817284,4.363753322174949
2002-08-29,-72.5733602556927,49.19788306945882,-21.13904605737992,4.1812544859408565
2002-08-30,-70.94438094078836,49.42704242552173,-21.449041713652818,4.369814919621876
2002-08-31,-70.5946434177118,49.031509622422604,-20.936732023216784,4.0964044102433075
2002-09-01,-69.41351860629791,47.467604157212854,-22.678829562241063,3.4540260505856173
2002-09-02,-69.93981278805428,47.65287967970773,-23.945455503435294,2.6017540934668615
2002-09-03,-70.25773399985195,46.934620826327304,-24.089852477599038,3.1481620728178132
2002-09-04,-69.7443317494373,45.47324208243078,-23.414761935614145,0.33783385658553433
2002-09-05,-68.13579440770738,46.62873125561094,-24.453927199478166,0.6398478515592951
2002-09-06,-67.86427447374398,45.64105602125476,-23.661448139258496,-0.16039695511453333
2002-09-07,-67.28150125036623,45.26740855292195,-24.953686885225327,-0.7847684830258115
2002-09-08,-66.95286346510642,44.681886706499725,-24.507204930914803,0.19064966629835778
2002-09-09,-64.88627318432738,44.77343889299503,-23.285386713832754,1.0752183588654423
2002-09-10,-65.84051242203839,45.04449995159745,-23.56272824928207,2.8525302311643665
2002-09-11,-65.93304556479272,44.765894967401536,-23.63693674754448,3.5061969328021743
2002-09-12,-66.98004951811316,44.953627543006164,-22.868931127869715,5.075090708632334
2002-09-13,-65.88114458430374,42.965608063463975,-22.83950911636426,4.807372392307757
2002-09-14,-64.20850307323606,42.775223629723165,-23.623764900649405,4.70280481560209
2002-09-15,-63.8033315225713,44.64148043334474,-23.71627989274965,4.094960452803532
2002-09-16,-65.23829875470935,44.11842029421684,-24.048511053173762,3.7915784568172066
2002-09-17,-63.763355131095196,44.08158115726782,-24.922410899557544,2.719174761156437
2002-09-18,-63.65254910611268,43.068577491477456,-24.47540841006081,3.828458854426641
2002-09-19,-62.96060927402061,42.86166671939948,-25.841933478038833,4.90894170978641
2002-09-20,-62.59136555885335,42.702111418664494,-27.356109093458414,4.141433971445825
2002-09-21,-63.08589858386727,43.68193118923959,-28.29194391042541,2.9381495088861582
2002-09-22,-61.906566853486616,45.20241172050491,-28.035217096691245,4.153350327982386
2002-09-23,-61.83165548179176,45.08844489347743,-28.93680595033425,5.5609719944695515
2002-09-24,-62.43190137101044,44.43345927379582,-29.26963700984682,4.235554794183019
2002-09-25,-61.6412906365798,42.374562646564584,-30.483544295475564,4.147452195418265
2002-09-26,-61.295060899397626,41.98984473683075,-29.47071256852457,4.73061552271879
